<assembly
	xmlns="http://maven.apache.org/plugins/maven-assembly-plugin/assembly/2.6"
	xmlns:xsi="http://www.w3.org/2001/XMLSchema-instance"
	xsi:schemaLocation="http://maven.apache.org/plugins/maven-assembly-plugin/assembly/2.6 http://maven.apache.org/xsd/assembly-2.6.xsd">
	<id>src</id>
	<baseDirectory>/</baseDirectory>
	<formats>
		<format>zip</format>
	</formats>
	<fileSets>
		<fileSet>
			<directory>src/</directory>
			<outputDirectory>/src</outputDirectory>
		</fileSet>

	</fileSets>
	<files>
		<file>
			<source>pom.xml</source>
			<outputDirectory>/</outputDirectory>
			<filtered>true</filtered>
		</file>
	</files>
</assembly>